{"base_files_url": "https://raw.githubusercontent.com/danmons/MiSTer_D93/4e7d29b0249b7b79d69a27793f59f169cd79c42e/", "db_id": "danmons/MiSTer_D93", "db_url": "https://raw.githubusercontent.com/danmons/MiSTer_D93/db/db.json.zip", "files": {"Gamma/D93/D93_075_percent_gamma_1.8.txt": {"hash": "5ee2a70d30428db42adb9c0113925100", "size": 3196, "tags": [16, 17, 18]}, "Gamma/D93/D93_075_percent_gamma_2.0.txt": {"hash": "774bd28ab730fd86c7c3689bf7199cb0", "size": 3159, "tags": [16, 17, 18]}, "Gamma/D93/D93_075_percent_gamma_2.2.txt": {"hash": "3e657f6a055d6e936a715928104f0ccb", "size": 3124, "tags": [16, 17, 18]}, "Gamma/D93/D93_075_percent_gamma_2.4.txt": {"hash": "4707ce9b2381e6cf868baf7ed9593890", "size": 3089, "tags": [16, 17, 18]}, "Gamma/D93/D93_075_percent_gamma_2.6.txt": {"hash": "bf7527b595255705e83a493ae9dd4419", "size": 3060, "tags": [16, 17, 18]}, "Gamma/D93/D93_080_percent_gamma_1.8.txt": {"hash": "f1d97abe4162fa323ef7f9724917fcda", "size": 3206, "tags": [16, 17, 18]}, "Gamma/D93/D93_080_percent_gamma_2.0.txt": {"hash": "7c3c7b3aa65ad7cd4d87fbc5246a4f45", "size": 3169, "tags": [16, 17, 18]}, "Gamma/D93/D93_080_percent_gamma_2.2.txt": {"hash": "191aa55f6842d5d9a2047c67fe6ec9ed", "size": 3134, "tags": [16, 17, 18]}, "Gamma/D93/D93_080_percent_gamma_2.4.txt": {"hash": "e1615acb0249822f06f1783f2040a6df", "size": 3101, "tags": [16, 17, 18]}, "Gamma/D93/D93_080_percent_gamma_2.6.txt": {"hash": "bc714ad5f2ef1a554dd67f2cbec71900", "size": 3069, "tags": [16, 17, 18]}, "Gamma/D93/D93_085_percent_gamma_1.8.txt": {"hash": "4060329050a28d7292fb6f06daa49272", "size": 3216, "tags": [16, 17, 18]}, "Gamma/D93/D93_085_percent_gamma_2.0.txt": {"hash": "7d5baaff94d05b18fd8c169b5ce94acf", "size": 3179, "tags": [16, 17, 18]}, "Gamma/D93/D93_085_percent_gamma_2.2.txt": {"hash": "8f83131ba49bf97e68dbab6b1e74475d", "size": 3144, "tags": [16, 17, 18]}, "Gamma/D93/D93_085_percent_gamma_2.4.txt": {"hash": "804adab0f911211333d36e00cca79494", "size": 3111, "tags": [16, 17, 18]}, "Gamma/D93/D93_085_percent_gamma_2.6.txt": {"hash": "07dc480d38fa6344cab9a467b4b912a9", "size": 3080, "tags": [16, 17, 18]}, "Gamma/D93/D93_090_percent_gamma_1.8.txt": {"hash": "14ea7f0c600b3f452460789c1b172148", "size": 3224, "tags": [16, 17, 18]}, "Gamma/D93/D93_090_percent_gamma_2.0.txt": {"hash": "ca5680de7ce945c24c63ca561d8fff0e", "size": 3188, "tags": [16, 17, 18]}, "Gamma/D93/D93_090_percent_gamma_2.2.txt": {"hash": "b2b980bdf87330166192be59e0cc4d41", "size": 3154, "tags": [16, 17, 18]}, "Gamma/D93/D93_090_percent_gamma_2.4.txt": {"hash": "ba2de4799ddd7ddaea6d9b29cf92a403", "size": 3121, "tags": [16, 17, 18]}, "Gamma/D93/D93_090_percent_gamma_2.6.txt": {"hash": "0cfdeba7afc814faf61f98bbab7ea0d8", "size": 3088, "tags": [16, 17, 18]}, "Gamma/D93/D93_095_percent_gamma_1.8.txt": {"hash": "899266f7befcc41f464c9e1338ac0d2c", "size": 3232, "tags": [16, 17, 18]}, "Gamma/D93/D93_095_percent_gamma_2.0.txt": {"hash": "9f41625f3d19961b3a65142f22917678", "size": 3196, "tags": [16, 17, 18]}, "Gamma/D93/D93_095_percent_gamma_2.2.txt": {"hash": "7fea41cc5c67ab7214af42bdb040a002", "size": 3161, "tags": [16, 17, 18]}, "Gamma/D93/D93_095_percent_gamma_2.4.txt": {"hash": "6a07b504ee16526632c75a2499f1074d", "size": 3128, "tags": [16, 17, 18]}, "Gamma/D93/D93_095_percent_gamma_2.6.txt": {"hash": "f3c45d7ae3f959076d9445d144f0de22", "size": 3095, "tags": [16, 17, 18]}, "Gamma/D93/D93_100_percent_gamma_1.8.txt": {"hash": "ad5bc75a3e6f891912fd57e5b1cdbf49", "size": 3240, "tags": [16, 17, 18]}, "Gamma/D93/D93_100_percent_gamma_2.0.txt": {"hash": "2f99c124cad664604837fbad805f453b", "size": 3204, "tags": [16, 17, 18]}, "Gamma/D93/D93_100_percent_gamma_2.2.txt": {"hash": "5bfc0789f9aeea090dee66b86041f820", "size": 3168, "tags": [16, 17, 18]}, "Gamma/D93/D93_100_percent_gamma_2.4.txt": {"hash": "65b7bd4e2751b0497a92d362891d13a8", "size": 3135, "tags": [16, 17, 18]}, "Gamma/D93/D93_100_percent_gamma_2.6.txt": {"hash": "0d11f6252efb5ef03309cd813c1a0042", "size": 3105, "tags": [16, 17, 18]}}, "folders": {"Gamma": {"tags": [16]}, "Gamma/D93": {"tags": [16, 19]}}, "tag_dictionary": {"allfilters": 17, "d93": 19, "filtersvideo": 18, "gamma": 16}, "timestamp": 1724244980}